group,econ_ss_zscore,crime_vic
control,2.631352478,0
control,-2.818327369,0
control,-0.093487558,0
control,-0.093487558,1
control,-0.093487558,0
control,-0.093487558,1
control,-0.093487558,0
control,-0.093487558,1
control,-0.093487558,0
control,-0.093487558,1
control,-0.093487558,0
control,-0.093487558,0
control,-0.093487558,1
control,-0.093487558,1
control,-0.093487558,1
control,-0.093487558,0
control,3.046927609,0
control,-1.998172266,0
control,0.524377611,1
control,0.524377611,1
control,0.524377611,1
control,0.524377611,0
control,0.524377611,1
control,0.524377611,1
control,0.524377611,0
control,0.524377611,1
control,0.524377611,1
control,0.524377611,0
control,0.524377611,0
control,0.524377611,0
control,0.524377611,1
control,0.524377611,0
control,0.524377611,0
control,0.524377611,1
control,0.524377611,1
control,0.524377611,1
control,0.524377611,0
control,0.524377611,0
control,0.524377611,1
control,3.486740152,0
control,-2.888054261,0
control,0.299343005,1
control,0.299343005,0
control,0.299343005,0
control,0.299343005,1
control,0.299343005,0
control,0.299343005,1
control,0.299343005,0
control,0.299343005,0
control,0.299343005,0
control,0.299343005,0
control,0.299343005,0
control,0.299343005,1
control,0.299343005,1
control,0.299343005,0
control,0.299343005,1
control,0.299343005,0
control,0.299343005,0
control,0.299343005,0
control,0.299343005,0
control,0.299343005,0
control,3.147403927,0
control,-3.099570066,0
control,0.023916948,1
control,0.023916948,0
control,0.023916948,0
control,0.023916948,0
control,0.023916948,0
control,0.023916948,0
control,0.023916948,0
control,0.023916948,0
control,0.023916948,0
control,0.023916948,1
control,0.023916948,1
control,0.023916948,0
control,0.023916948,0
control,0.023916948,0
control,0.023916948,1
control,0.023916948,1
control,0.023916948,0
control,0.023916948,1
control,0.023916948,1
control,0.023916948,1
control,3.022485287,1
control,-2.62656219,0
control,0.197961519,1
control,0.197961519,1
control,0.197961519,0
control,0.197961519,1
control,0.197961519,0
control,0.197961519,0
control,0.197961519,0
control,0.197961519,1
control,0.197961519,1
control,0.197961519,0
control,0.197961519,0
control,0.197961519,0
control,0.197961519,0
control,0.197961519,1
control,0.197961519,1
control,0.197961519,1
control,3.003514482,0
control,-2.537530128,1
control,0.232992117,1
control,0.232992117,0
control,0.232992117,0
control,0.232992117,1
control,0.232992117,1
control,0.232992117,0
control,0.232992117,0
control,0.232992117,0
control,0.232992117,1
control,0.232992117,1
control,0.232992117,1
control,0.232992117,1
control,0.232992117,0
control,0.232992117,0
control,0.232992117,0
control,3.188565161,0
control,-2.632281352,0
control,0.278141875,0
control,0.278141875,0
control,0.278141875,1
control,0.278141875,0
control,0.278141875,0
control,0.278141875,1
control,0.278141875,0
control,0.278141875,0
control,0.278141875,0
control,0.278141875,1
control,0.278141875,0
control,0.278141875,0
control,0.278141875,0
control,0.278141875,1
control,0.278141875,1
control,0.278141875,0
control,0.278141875,1
control,0.278141875,0
control,0.278141875,0
control,0.278141875,1
control,0.278141875,1
control,0.278141875,0
control,0.278141875,1
control,3.387636427,1
control,-3.230107529,1
control,0.078764419,1
control,0.078764419,1
control,0.078764419,0
control,0.078764419,1
control,0.078764419,0
control,0.078764419,0
control,0.078764419,1
control,0.078764419,0
control,0.078764419,1
control,0.078764419,0
control,0.078764419,0
control,0.078764419,0
control,0.078764419,0
control,0.078764419,0
control,1.883412556,0
control,-2.184617744,1
control,-0.150602637,0
control,-0.150602637,1
control,-0.150602637,0
control,-0.150602637,1
control,-0.150602637,0
control,-0.150602637,1
control,-0.150602637,1
control,-0.150602637,0
control,-0.150602637,1
control,-0.150602637,0
control,-0.150602637,0
control,-0.150602637,1
control,-0.150602637,1
control,-0.150602637,0
control,-0.150602637,0
control,-0.150602637,1
control,-0.150602637,0
control,-0.150602637,0
control,2.639645142,0
control,-2.914577646,0
control,-0.137466166,0
control,-0.137466166,1
control,-0.137466166,0
control,-0.137466166,0
control,-0.137466166,1
control,-0.137466166,0
control,-0.137466166,1
control,-0.137466166,1
control,-0.137466166,0
control,-0.137466166,0
control,-0.137466166,0
control,-0.137466166,1
control,-0.137466166,1
control,-0.137466166,0
control,-0.137466166,0
control,-0.137466166,0
control,-0.137466166,0
control,2.592320337,0
control,-2.378480124,1
control,0.106920149,1
control,0.106920149,0
control,0.106920149,1
control,0.106920149,1
control,0.106920149,0
control,0.106920149,0
control,0.106920149,1
control,0.106920149,1
control,0.106920149,0
control,0.106920149,0
control,0.106920149,1
control,0.106920149,0
control,0.106920149,0
control,0.106920149,1
control,0.106920149,1
control,0.106920149,1
control,0.106920149,1
control,0.106920149,1
control,0.106920149,0
control,0.106920149,1
control,0.106920149,0
control,1.665456689,0
control,-2.037754803,1
control,-0.186149078,0
control,-0.186149078,0
control,-0.186149078,1
control,-0.186149078,0
control,-0.186149078,0
control,-0.186149078,0
control,-0.186149078,1
control,-0.186149078,1
control,-0.186149078,0
control,-0.186149078,0
control,-0.186149078,1
control,-0.186149078,1
control,-0.186149078,0
control,-0.186149078,1
control,-0.186149078,1
control,-0.186149078,0
control,2.608599229,0
control,-2.201445926,1
control,0.203576673,1
control,0.203576673,1
control,0.203576673,1
control,0.203576673,0
control,0.203576673,0
control,0.203576673,1
control,0.203576673,0
control,0.203576673,1
control,0.203576673,0
control,0.203576673,1
control,0.203576673,0
control,0.203576673,1
control,0.203576673,1
control,0.203576673,1
control,0.203576673,1
control,0.203576673,0
control,0.203576673,0
control,0.203576673,0
control,0.203576673,1
control,0.203576673,0
control,2.26767667,0
control,-1.720211705,1
control,0.273732461,1
control,0.273732461,0
control,0.273732461,0
control,0.273732461,1
control,0.273732461,0
control,0.273732461,1
control,0.273732461,0
control,0.273732461,1
control,0.273732461,0
control,0.273732461,0
control,0.273732461,1
control,0.273732461,1
control,0.273732461,0
control,0.273732461,1
control,0.273732461,0
control,0.273732461,0
control,0.273732461,1
control,3.553404486,0
control,-2.88447659,1
control,0.334463888,0
control,0.334463888,0
control,0.334463888,1
control,0.334463888,1
control,0.334463888,1
control,0.334463888,0
control,0.334463888,0
control,0.334463888,0
control,0.334463888,0
control,0.334463888,1
control,0.334463888,0
control,0.334463888,1
control,0.334463888,0
control,0.334463888,1
control,0.334463888,1
control,2.582562911,1
control,-3.397853976,0
control,-0.407645652,1
control,-0.407645652,0
control,-0.407645652,1
control,-0.407645652,0
control,-0.407645652,1
control,-0.407645652,1
control,-0.407645652,0
control,-0.407645652,0
control,-0.407645652,1
control,-0.407645652,1
control,-0.407645652,1
control,-0.407645652,1
control,-0.407645652,0
control,-0.407645652,0
control,-0.407645652,1
control,2.653830646,0
control,-2.793334736,1
control,-0.069752142,1
control,-0.069752142,0
control,-0.069752142,0
control,-0.069752142,1
control,-0.069752142,0
control,-0.069752142,0
control,-0.069752142,1
control,-0.069752142,1
control,-0.069752142,1
control,-0.069752142,1
control,-0.069752142,0
control,-0.069752142,1
control,-0.069752142,1
control,-0.069752142,0
control,-0.069752142,0
control,-0.069752142,1
control,3.0024893,1
control,-3.33999801,0
control,-0.16875425,0
control,-0.16875425,0
control,-0.16875425,1
control,-0.16875425,0
control,-0.16875425,0
control,-0.16875425,0
control,-0.16875425,0
control,-0.16875425,1
control,-0.16875425,0
control,-0.16875425,0
control,-0.16875425,0
control,-0.16875425,0
control,-0.16875425,1
control,-0.16875425,1
control,-0.16875425,0
control,-0.16875425,1
control,4.646422733,0
control,-5.084051996,0
control,-0.218814647,0
control,-0.218814647,0
control,-0.218814647,1
control,-0.218814647,1
control,-0.218814647,0
control,-0.218814647,1
control,-0.218814647,0
control,-0.218814647,1
control,-0.218814647,1
control,-0.218814647,0
control,-0.218814647,0
control,-0.218814647,0
control,-0.218814647,1
control,-0.218814647,1
control,-0.218814647,0
control,-0.218814647,1
control,-0.218814647,0
control,-0.218814647,0
control,-0.218814647,1
control,-0.218814647,1
control,-0.218814647,0
control,-0.218814647,1
control,-0.218814647,1
control,-0.218814647,0
control,-0.218814647,0
control,-0.218814647,1
control,-0.218814647,0
control,-0.218814647,0
control,-0.218814647,0
control,-0.218814647,1
control,-0.218814647,0
control,-0.218814647,1
control,8.328762759,0
control,-8.351600085,1
control,-0.01141844,0
control,-0.01141844,1
control,-0.01141844,0
control,-0.01141844,0
control,-0.01141844,0
control,-0.01141844,1
control,-0.01141844,0
control,-0.01141844,1
control,-0.01141844,0
control,-0.01141844,0
control,-0.01141844,0
control,-0.01141844,0
control,-0.01141844,0
control,-0.01141844,0
control,-0.01141844,0
control,-0.01141844,1
control,-0.01141844,1
control,-0.01141844,1
control,-0.01141844,0
control,-0.01141844,1
control,-0.01141844,0
control,-0.01141844,0
control,-0.01141844,1
control,-0.01141844,1
control,-0.01141844,0
control,-0.01141844,0
control,-0.01141844,1
control,2.539240881,0
control,-2.547580717,1
control,-0.004169946,0
control,-0.004169946,1
control,-0.004169946,1
control,-0.004169946,0
control,-0.004169946,0
control,-0.004169946,1
control,-0.004169946,0
control,-0.004169946,1
control,-0.004169946,0
control,-0.004169946,0
control,-0.004169946,1
control,-0.004169946,0
control,-0.004169946,1
control,-0.004169946,0
control,-0.004169946,1
control,-0.004169946,1
control,3.158954248,0
control,-2.8375139,1
control,0.160720054,0
control,0.160720054,0
control,0.160720054,0
control,0.160720054,1
control,0.160720054,0
control,0.160720054,0
control,0.160720054,0
control,0.160720054,1
control,0.160720054,0
control,0.160720054,0
control,0.160720054,1
control,0.160720054,0
control,0.160720054,1
control,0.160720054,0
control,0.160720054,0
control,0.160720054,1
control,0.160720054,1
control,2.644236704,0
control,-2.883526911,1
control,-0.119645006,1
control,-0.119645006,1
control,-0.119645006,0
control,-0.119645006,1
control,-0.119645006,0
control,-0.119645006,0
control,-0.119645006,0
control,-0.119645006,1
control,-0.119645006,1
control,-0.119645006,1
control,-0.119645006,1
control,-0.119645006,1
control,-0.119645006,0
control,-0.119645006,0
control,-0.119645006,0
control,-0.119645006,0
control,2.373803675,1
control,-2.783125313,0
control,-0.204660804,1
control,-0.204660804,1
control,-0.204660804,1
control,-0.204660804,0
control,-0.204660804,0
control,-0.204660804,1
control,-0.204660804,0
control,-0.204660804,0
control,-0.204660804,0
control,-0.204660804,0
control,-0.204660804,0
control,-0.204660804,0
control,-0.204660804,0
control,-0.204660804,1
control,-0.204660804,0
control,-0.204660804,0
control,-0.204660804,1
control,2.916197624,0
control,-2.901630615,0
control,0.007283436,1
control,0.007283436,1
control,0.007283436,0
control,0.007283436,1
control,0.007283436,0
control,0.007283436,0
control,0.007283436,1
control,0.007283436,0
control,0.007283436,1
control,0.007283436,1
control,0.007283436,0
control,0.007283436,1
control,0.007283436,1
control,0.007283436,1
control,0.007283436,0
control,0.007283436,0
control,2.922710948,0
control,-2.751960904,0
control,0.085374955,0
control,0.085374955,1
control,0.085374955,0
control,0.085374955,0
control,0.085374955,1
control,0.085374955,0
control,0.085374955,0
control,0.085374955,0
control,0.085374955,1
control,0.085374955,0
control,0.085374955,0
control,0.085374955,0
control,0.085374955,1
control,0.085374955,0
control,0.085374955,1
control,0.085374955,1
control,0.085374955,0
control,0.085374955,0
control,4.830982715,0
control,-5.427533514,0
control,-0.298275228,0
control,-0.298275228,0
control,-0.298275228,0
control,-0.298275228,0
control,-0.298275228,0
control,-0.298275228,0
control,-0.298275228,0
control,-0.298275228,0
control,-0.298275228,0
control,-0.298275228,0
control,-0.298275228,0
control,-0.298275228,1
control,-0.298275228,0
control,-0.298275228,0
control,-0.298275228,0
control,-0.298275228,1
control,-0.298275228,1
control,-0.298275228,1
control,-0.298275228,0
control,-0.298275228,0
control,-0.298275228,1
control,5.194033762,1
control,-4.005535298,0
control,0.594249232,1
control,0.594249232,0
control,0.594249232,1
control,0.594249232,1
control,0.594249232,0
control,0.594249232,1
control,0.594249232,1
control,0.594249232,0
control,0.594249232,0
control,0.594249232,0
control,0.594249232,1
control,0.594249232,1
control,0.594249232,0
control,0.594249232,0
control,0.594249232,0
control,0.594249232,1
control,0.594249232,0
control,9.143760389,1
control,-8.307633328,1
control,0.418063384,0
control,0.418063384,1
control,0.418063384,0
control,0.418063384,0
control,0.418063384,0
control,0.418063384,1
control,0.418063384,0
control,0.418063384,1
control,0.418063384,0
control,0.418063384,0
control,0.418063384,0
control,0.418063384,1
control,0.418063384,0
control,0.418063384,0
control,0.418063384,0
control,0.418063384,1
control,0.418063384,0
control,0.418063384,1
control,0.418063384,1
control,0.418063384,1
control,0.418063384,0
control,0.418063384,1
control,0.418063384,1
control,0.418063384,1
control,0.418063384,0
control,0.418063384,0
control,0.418063384,0
control,1.876262708,0
control,-2.115811208,1
control,-0.119774272,0
control,-0.119774272,1
control,-0.119774272,0
control,-0.119774272,1
control,-0.119774272,0
control,-0.119774272,1
control,-0.119774272,0
control,-0.119774272,1
control,-0.119774272,0
control,-0.119774272,1
control,-0.119774272,0
control,-0.119774272,0
control,-0.119774272,1
control,-0.119774272,0
control,-0.119774272,1
control,-0.119774272,0
control,1.830559208,1
control,-2.253607409,0
control,-0.211524166,0
control,-0.211524166,1
control,-0.211524166,1
control,-0.211524166,0
control,-0.211524166,1
control,-0.211524166,0
control,-0.211524166,0
control,-0.211524166,1
control,-0.211524166,0
control,-0.211524166,0
control,-0.211524166,1
control,-0.211524166,1
control,-0.211524166,0
control,-0.211524166,1
control,2.22195076,0
control,-2.766722117,1
control,-0.272385744,0
control,-0.272385744,1
control,-0.272385744,0
control,-0.272385744,0
control,-0.272385744,0
control,-0.272385744,0
control,-0.272385744,0
control,-0.272385744,0
control,-0.272385744,1
control,-0.272385744,0
control,-0.272385744,1
control,-0.272385744,0
control,-0.272385744,1
control,-0.272385744,0
control,-0.272385744,0
control,-0.272385744,0
control,1.493054441,0
control,-2.076797314,1
control,-0.29187148,0
control,-0.29187148,0
control,-0.29187148,1
control,-0.29187148,0
control,-0.29187148,0
control,-0.29187148,1
control,-0.29187148,0
control,-0.29187148,1
control,-0.29187148,1
control,-0.29187148,0
control,-0.29187148,0
control,-0.29187148,1
control,-0.29187148,1
control,-0.29187148,1
control,2.30733371,1
control,-2.462481963,0
control,-0.077574181,1
control,-0.077574181,1
control,-0.077574181,1
control,-0.077574181,1
control,-0.077574181,0
control,-0.077574181,0
control,-0.077574181,0
control,-0.077574181,0
control,-0.077574181,0
control,-0.077574181,1
control,-0.077574181,1
control,-0.077574181,1
control,-0.077574181,0
control,-0.077574181,0
control,-0.077574181,0
control,2.506204425,1
control,-2.560857503,0
control,-0.02732655,0
control,-0.02732655,0
control,-0.02732655,0
control,-0.02732655,1
control,-0.02732655,0
control,-0.02732655,0
control,-0.02732655,0
control,-0.02732655,0
control,-0.02732655,0
control,-0.02732655,1
control,-0.02732655,0
control,-0.02732655,1
control,-0.02732655,0
control,-0.02732655,0
control,-0.02732655,0
control,-0.02732655,0
control,-0.02732655,0
control,-0.02732655,0
control,-0.02732655,0
control,2.359422693,0
control,-2.082434568,0
control,0.138494149,1
control,0.138494149,0
control,0.138494149,1
control,0.138494149,1
control,0.138494149,0
control,0.138494149,1
control,0.138494149,0
control,0.138494149,0
control,0.138494149,0
control,0.138494149,0
control,0.138494149,0
control,0.138494149,0
control,0.138494149,0
control,0.138494149,1
control,0.138494149,0
control,0.138494149,1
control,1.995139707,0
control,-2.309184311,0
control,-0.157022258,0
control,-0.157022258,1
control,-0.157022258,1
control,-0.157022258,1
control,-0.157022258,1
control,-0.157022258,0
control,-0.157022258,1
control,-0.157022258,1
control,-0.157022258,1
control,-0.157022258,1
control,-0.157022258,0
control,-0.157022258,0
control,-0.157022258,0
control,-0.157022258,1
control,-0.157022258,0
control,-0.157022258,1
control,-0.157022258,0
control,-0.157022258,0
control,-0.157022258,0
control,-0.157022258,0
control,1.66759119,0
control,-2.21499073,0
control,-0.273699683,1
control,-0.273699683,1
control,-0.273699683,0
control,-0.273699683,1
control,-0.273699683,0
control,-0.273699683,0
control,-0.273699683,0
control,-0.273699683,1
control,-0.273699683,0
control,-0.273699683,0
control,-0.273699683,0
control,-0.273699683,0
control,-0.273699683,0
control,-0.273699683,0
control,-0.273699683,0
control,-0.273699683,0
control,-0.273699683,0
control,2.798823049,1
control,-2.993799948,0
control,-0.097488536,0
control,-0.097488536,1
control,-0.097488536,0
control,-0.097488536,0
control,-0.097488536,0
control,-0.097488536,1
control,-0.097488536,0
control,-0.097488536,1
control,-0.097488536,0
control,-0.097488536,0
control,-0.097488536,1
control,-0.097488536,1
control,-0.097488536,0
control,-0.097488536,1
control,-0.097488536,1
control,-0.097488536,0
control,-0.097488536,1
control,-0.097488536,0
control,-0.097488536,0
control,-0.097488536,1
control,-0.097488536,1
control,-0.097488536,0
control,-0.097488536,0
control,-0.097488536,0
control,3.28417553,1
control,-4.11289401,1
control,-0.41435927,1
control,-0.41435927,0
control,-0.41435927,1
control,-0.41435927,0
control,-0.41435927,1
control,-0.41435927,0
control,-0.41435927,0
control,-0.41435927,0
control,-0.41435927,1
control,-0.41435927,0
control,-0.41435927,0
control,-0.41435927,1
control,-0.41435927,0
control,-0.41435927,0
control,-0.41435927,0
control,-0.41435927,0
control,-0.41435927,1
control,-0.41435927,1
control,-0.41435927,0
control,-0.41435927,0
control,-0.41435927,0
control,-0.41435927,1
control,-0.41435927,0
control,-0.41435927,1
control,-0.41435927,0
control,-0.41435927,0
control,-0.41435927,0
control,-0.41435927,0
control,-0.41435927,0
control,2.106693833,1
control,-2.846097377,1
control,-0.369701862,0
control,-0.369701862,0
control,-0.369701862,1
control,-0.369701862,1
control,-0.369701862,0
control,-0.369701862,1
control,-0.369701862,1
control,-0.369701862,0
control,-0.369701862,0
control,-0.369701862,0
control,-0.369701862,0
control,-0.369701862,0
control,-0.369701862,0
control,-0.369701862,0
control,-0.369701862,0
control,-0.369701862,1
control,-0.369701862,0
control,3.034407019,0
control,-2.84095449,0
control,0.09672628,0
control,0.09672628,0
control,0.09672628,0
control,0.09672628,1
control,0.09672628,0
control,0.09672628,0
control,0.09672628,0
control,0.09672628,0
control,0.09672628,1
control,0.09672628,1
control,0.09672628,0
control,0.09672628,0
control,0.09672628,1
control,0.09672628,1
control,0.09672628,0
control,3.545501048,1
control,-3.962591105,0
control,-0.208544949,1
control,-0.208544949,1
control,-0.208544949,1
control,-0.208544949,0
control,-0.208544949,1
control,-0.208544949,1
control,-0.208544949,0
control,-0.208544949,1
control,-0.208544949,0
control,-0.208544949,1
control,-0.208544949,1
control,-0.208544949,0
control,-0.208544949,0
control,-0.208544949,1
control,-0.208544949,0
control,-0.208544949,0
control,-0.208544949,0
control,3.425240557,0
control,-4.536197623,0
control,-0.555478405,0
control,-0.555478405,1
control,-0.555478405,1
control,-0.555478405,1
control,-0.555478405,0
control,-0.555478405,0
control,-0.555478405,0
control,-0.555478405,0
control,-0.555478405,1
control,-0.555478405,0
control,-0.555478405,1
control,-0.555478405,0
control,-0.555478405,0
control,-0.555478405,0
control,-0.555478405,0
control,-0.555478405,0
control,-0.555478405,1
control,-0.555478405,0
control,6.027513892,0
control,-4.748875388,1
control,0.639319059,1
control,0.639319059,0
control,0.639319059,1
control,0.639319059,0
control,0.639319059,0
control,0.639319059,0
control,0.639319059,0
control,0.639319059,1
control,0.639319059,0
control,0.639319059,0
control,0.639319059,0
control,0.639319059,1
control,2.116833876,1
control,-2.902802069,1
control,-0.392984125,1
control,-0.392984125,1
control,-0.392984125,0
control,-0.392984125,1
control,-0.392984125,1
control,-0.392984125,1
control,-0.392984125,0
control,-0.392984125,0
control,-0.392984125,0
control,-0.392984125,1
control,-0.392984125,1
control,-0.392984125,1
control,-0.392984125,1
control,-0.392984125,1
control,-0.392984125,0
control,-0.392984125,0
control,3.059427262,0
control,-3.328060512,0
control,-0.134316731,0
control,-0.134316731,0
control,-0.134316731,1
control,-0.134316731,0
control,-0.134316731,0
control,-0.134316731,0
control,-0.134316731,0
control,-0.134316731,1
control,-0.134316731,1
control,-0.134316731,0
control,-0.134316731,0
control,-0.134316731,0
control,-0.134316731,1
control,-0.134316731,0
control,-0.134316731,1
control,2.415587368,0
control,-2.645028508,1
control,-0.114720638,0
control,-0.114720638,0
control,-0.114720638,0
control,-0.114720638,0
control,-0.114720638,1
control,-0.114720638,1
control,-0.114720638,0
control,-0.114720638,0
control,-0.114720638,0
control,-0.114720638,0
control,-0.114720638,1
control,-0.114720638,0
control,-0.114720638,0
control,-0.114720638,1
control,-0.114720638,1
control,-0.114720638,0
control,-0.114720638,1
control,3.99472742,0
control,-3.898954637,1
control,0.047886309,0
control,0.047886309,0
control,0.047886309,1
control,0.047886309,0
control,0.047886309,0
control,0.047886309,1
control,0.047886309,0
control,0.047886309,1
control,0.047886309,1
control,0.047886309,1
control,0.047886309,0
control,0.047886309,1
control,0.047886309,0
control,0.047886309,1
control,0.047886309,0
control,0.047886309,0
control,0.047886309,0
control,0.047886309,0
control,0.047886309,1
control,0.047886309,1
control,0.047886309,0
control,0.047886309,0
control,0.047886309,0
control,0.047886309,1
control,0.047886309,1
control,0.047886309,1
control,0.047886309,0
control,0.047886309,0
control,0.047886309,0
control,3.893895667,0
control,-3.66968062,0
control,0.112107634,0
control,0.112107634,0
control,0.112107634,0
control,0.112107634,0
control,0.112107634,1
control,0.112107634,0
control,0.112107634,0
control,0.112107634,1
control,0.112107634,0
control,0.112107634,0
control,0.112107634,0
control,0.112107634,1
control,0.112107634,0
control,0.112107634,0
control,0.112107634,0
control,0.112107634,1
control,0.112107634,0
control,0.112107634,1
control,0.112107634,0
control,0.112107634,0
control,0.112107634,1
control,0.112107634,1
control,4.244372064,1
control,-3.527929064,0
control,0.3582215,1
control,0.3582215,1
control,0.3582215,0
control,0.3582215,0
control,0.3582215,0
control,0.3582215,0
control,0.3582215,0
control,0.3582215,0
control,0.3582215,1
control,0.3582215,1
control,0.3582215,0
control,0.3582215,0
control,0.3582215,0
control,0.3582215,1
control,0.3582215,1
control,0.3582215,0
control,0.3582215,1
control,0.3582215,0
control,4.158310673,1
control,-4.509390948,0
control,-0.17554023,1
control,-0.17554023,0
control,-0.17554023,1
control,-0.17554023,0
control,-0.17554023,0
control,-0.17554023,0
control,-0.17554023,0
control,-0.17554023,1
control,-0.17554023,1
control,-0.17554023,0
control,-0.17554023,1
control,-0.17554023,1
control,-0.17554023,0
control,-0.17554023,1
control,-0.17554023,0
control,-0.17554023,0
control,-0.17554023,1
control,-0.17554023,0
control,-0.17554023,0
control,-0.17554023,1
control,-0.17554023,0
control,2.887134017,0
control,-3.337013772,0
control,-0.224939841,0
control,-0.224939841,0
control,-0.224939841,0
control,-0.224939841,0
control,-0.224939841,0
control,-0.224939841,1
control,-0.224939841,0
control,-0.224939841,1
control,-0.224939841,0
control,-0.224939841,0
control,-0.224939841,0
control,-0.224939841,0
control,-0.224939841,0
control,-0.224939841,0
control,-0.224939841,1
control,4.036577084,1
control,-2.782836203,0
control,0.626870441,0
control,0.626870441,1
control,0.626870441,0
control,0.626870441,0
control,0.626870441,0
control,0.626870441,0
control,0.626870441,0
control,0.626870441,0
control,0.626870441,0
control,0.626870441,0
control,0.626870441,0
control,0.626870441,0
control,0.626870441,0
control,0.626870441,1
control,0.626870441,0
control,4.090414609,1
control,-3.800286238,0
control,0.145064195,0
control,0.145064195,0
control,0.145064195,0
control,0.145064195,0
control,0.145064195,1
control,0.145064195,0
control,0.145064195,0
control,0.145064195,0
control,0.145064195,1
control,0.145064195,0
control,0.145064195,1
control,0.145064195,1
control,0.145064195,0
control,0.145064195,0
control,0.145064195,0
control,0.145064195,0
control,0.145064195,1
control,0.145064195,0
control,6.816068076,1
control,-6.297715449,0
control,0.259176344,1
control,0.259176344,0
control,0.259176344,0
control,0.259176344,1
control,0.259176344,0
control,0.259176344,1
control,0.259176344,0
control,0.259176344,0
control,0.259176344,0
control,0.259176344,0
control,0.259176344,0
control,0.259176344,1
control,0.259176344,1
control,0.259176344,0
control,0.259176344,0
control,0.259176344,0
control,0.259176344,1
control,0.259176344,1
control,0.259176344,0
control,0.259176344,1
control,0.259176344,0
lpv,2.277319839,1
lpv,-2.517491093,0
lpv,-0.12008558,1
lpv,-0.12008558,1
lpv,-0.12008558,1
lpv,-0.12008558,1
lpv,-0.12008558,1
lpv,-0.12008558,1
lpv,-0.12008558,0
lpv,-0.12008558,0
lpv,-0.12008558,0
lpv,-0.12008558,1
lpv,-0.12008558,1
lpv,-0.12008558,1
lpv,-0.12008558,0
lpv,-0.12008558,0
lpv,-0.12008558,0
lpv,2.545630231,0
lpv,-2.665093062,0
lpv,-0.059731404,0
lpv,-0.059731404,0
lpv,-0.059731404,0
lpv,-0.059731404,0
lpv,-0.059731404,0
lpv,-0.059731404,0
lpv,-0.059731404,0
lpv,-0.059731404,0
lpv,-0.059731404,0
lpv,-0.059731404,0
lpv,-0.059731404,0
lpv,-0.059731404,0
lpv,-0.059731404,1
lpv,-0.059731404,0
lpv,-0.059731404,0
lpv,-0.059731404,1
lpv,-0.059731404,0
lpv,2.292138161,0
lpv,-2.459026798,0
lpv,-0.083444301,1
lpv,-0.083444301,0
lpv,-0.083444301,0
lpv,-0.083444301,1
lpv,-0.083444301,1
lpv,-0.083444301,1
lpv,-0.083444301,1
lpv,-0.083444301,1
lpv,-0.083444301,0
lpv,-0.083444301,1
lpv,-0.083444301,1
lpv,-0.083444301,0
lpv,-0.083444301,1
lpv,-0.083444301,0
lpv,-0.083444301,1
lpv,-0.083444301,0
lpv,-0.083444301,1
lpv,2.042770369,1
lpv,-1.722909136,0
lpv,0.159930557,0
lpv,0.159930557,1
lpv,0.159930557,1
lpv,0.159930557,0
lpv,0.159930557,0
lpv,0.159930557,0
lpv,0.159930557,0
lpv,0.159930557,1
lpv,0.159930557,0
lpv,0.159930557,0
lpv,0.159930557,0
lpv,0.159930557,0
lpv,0.159930557,0
lpv,0.159930557,0
lpv,0.159930557,0
lpv,0.159930557,0
lpv,2.475431381,1
lpv,-2.121591303,0
lpv,0.17691998,0
lpv,0.17691998,0
lpv,0.17691998,0
lpv,0.17691998,0
lpv,0.17691998,0
lpv,0.17691998,1
lpv,0.17691998,0
lpv,0.17691998,1
lpv,0.17691998,0
lpv,0.17691998,1
lpv,0.17691998,1
lpv,0.17691998,0
lpv,0.17691998,0
lpv,0.17691998,0
lpv,2.104108629,0
lpv,-1.936328287,0
lpv,0.083890142,0
lpv,0.083890142,1
lpv,0.083890142,1
lpv,0.083890142,1
lpv,0.083890142,1
lpv,0.083890142,0
lpv,0.083890142,1
lpv,0.083890142,0
lpv,0.083890142,1
lpv,0.083890142,0
lpv,0.083890142,1
lpv,0.083890142,0
lpv,1.984027912,0
lpv,-2.024320453,1
lpv,-0.020146179,1
lpv,-0.020146179,1
lpv,-0.020146179,1
lpv,-0.020146179,1
lpv,-0.020146179,1
lpv,-0.020146179,1
lpv,-0.020146179,1
lpv,-0.020146179,0
lpv,-0.020146179,1
lpv,-0.020146179,0
lpv,-0.020146179,1
lpv,-0.020146179,1
lpv,2.235809653,0
lpv,-2.294858221,1
lpv,-0.029524358,1
lpv,-0.029524358,1
lpv,-0.029524358,0
lpv,-0.029524358,1
lpv,-0.029524358,0
lpv,-0.029524358,0
lpv,-0.029524358,1
lpv,-0.029524358,0
lpv,-0.029524358,0
lpv,-0.029524358,1
lpv,-0.029524358,0
lpv,-0.029524358,0
lpv,-0.029524358,1
lpv,-0.029524358,0
lpv,-0.029524358,1
lpv,-0.029524358,0
lpv,-0.029524358,0
lpv,-0.029524358,1
lpv,2.414023627,0
lpv,-2.635014719,1
lpv,-0.110495558,0
lpv,-0.110495558,0
lpv,-0.110495558,1
lpv,-0.110495558,1
lpv,-0.110495558,0
lpv,-0.110495558,1
lpv,-0.110495558,0
lpv,-0.110495558,0
lpv,-0.110495558,0
lpv,-0.110495558,0
lpv,-0.110495558,1
lpv,-0.110495558,1
lpv,-0.110495558,0
lpv,-0.110495558,0
lpv,-0.110495558,1
lpv,-0.110495558,1
lpv,-0.110495558,0
lpv,-0.110495558,1
lpv,-0.110495558,0
lpv,-0.110495558,0
lpv,-0.110495558,0
lpv,3.81039962,0
lpv,-5.897213916,1
lpv,-1.043407026,0
lpv,-1.043407026,1
lpv,-1.043407026,1
lpv,-1.043407026,1
lpv,-1.043407026,0
lpv,-1.043407026,1
lpv,-1.043407026,0
lpv,-1.043407026,1
lpv,-1.043407026,1
lpv,-1.043407026,0
lpv,-1.043407026,0
lpv,-1.043407026,0
lpv,-1.043407026,0
lpv,-1.043407026,0
lpv,-1.043407026,0
lpv,-1.043407026,0
lpv,-1.043407026,0
lpv,5.591095018,0
lpv,-5.18988913,1
lpv,0.200603055,0
lpv,0.200603055,1
lpv,0.200603055,1
lpv,0.200603055,0
lpv,0.200603055,0
lpv,0.200603055,0
lpv,0.200603055,0
lpv,0.200603055,0
lpv,0.200603055,1
lpv,0.200603055,0
lpv,0.200603055,0
lpv,0.200603055,1
lpv,0.200603055,1
lpv,0.200603055,1
lpv,0.200603055,1
lpv,0.200603055,0
lpv,0.200603055,0
lpv,0.200603055,1
sec8,2.722056324,1
sec8,-2.574719878,1
sec8,0.073668249,0
sec8,0.073668249,0
sec8,0.073668249,0
sec8,0.073668249,1
sec8,0.073668249,0
sec8,0.073668249,1
sec8,0.073668249,1
sec8,0.073668249,0
sec8,0.073668249,0
sec8,0.073668249,1
sec8,0.073668249,0
sec8,0.073668249,0
sec8,0.073668249,1
sec8,0.073668249,1
sec8,0.073668249,0
sec8,2.600089695,0
sec8,-2.135309797,0
sec8,0.232389949,1
sec8,0.232389949,0
sec8,0.232389949,0
sec8,0.232389949,1
sec8,0.232389949,0
sec8,0.232389949,0
sec8,0.232389949,0
sec8,0.232389949,0
sec8,0.232389949,1
sec8,0.232389949,0
sec8,0.232389949,0
sec8,0.232389949,0
sec8,0.232389949,1
sec8,2.47106298,0
sec8,-2.3034776,0
sec8,0.083792624,1
sec8,0.083792624,0
sec8,0.083792624,0
sec8,0.083792624,1
sec8,0.083792624,0
sec8,0.083792624,0
sec8,0.083792624,1
sec8,0.083792624,0
sec8,0.083792624,1
sec8,0.083792624,1
sec8,0.083792624,0
sec8,0.083792624,1
sec8,0.083792624,0
sec8,0.083792624,1
sec8,0.083792624,0
sec8,0.083792624,0
sec8,0.083792624,0
sec8,0.083792624,0
sec8,7.719537861,1
sec8,-6.941762669,1
sec8,0.388887769,0
sec8,0.388887769,1
sec8,0.388887769,0
sec8,0.388887769,0
sec8,0.388887769,1
sec8,0.388887769,1
sec8,0.388887769,1
sec8,0.388887769,1
sec8,0.388887769,1
sec8,0.388887769,1
sec8,0.388887769,1
sec8,0.388887769,1
sec8,0.388887769,0
sec8,0.388887769,0
sec8,0.388887769,1
sec8,0.388887769,0
sec8,0.388887769,1
sec8,0.388887769,1
sec8,0.388887769,1
sec8,0.388887769,0
sec8,0.388887769,0
sec8,0.388887769,0
sec8,0.388887769,0
sec8,0.388887769,0
sec8,0.388887769,0
sec8,7.856462418,0
sec8,-9.515303914,0
sec8,-0.829420835,0
sec8,-0.829420835,0
sec8,-0.829420835,0
sec8,-0.829420835,0
sec8,-0.829420835,1
sec8,-0.829420835,0
sec8,-0.829420835,0
sec8,-0.829420835,1
sec8,-0.829420835,1
sec8,-0.829420835,1
sec8,-0.829420835,1
sec8,-0.829420835,1
sec8,-0.829420835,0
sec8,-0.829420835,0
lpv,2.401860281,1
lpv,-3.327260562,1
lpv,-0.462700141,1
lpv,-0.462700141,1
lpv,-0.462700141,0
lpv,-0.462700141,1
lpv,-0.462700141,0
lpv,-0.462700141,0
lpv,-0.462700141,1
lpv,-0.462700141,1
lpv,-0.462700141,1
lpv,-0.462700141,1
lpv,-0.462700141,0
lpv,-0.462700141,0
lpv,-0.462700141,0
lpv,-0.462700141,1
lpv,-0.462700141,1
lpv,-0.462700141,0
lpv,2.47625032,0
lpv,-2.643613992,0
lpv,-0.083681883,0
lpv,-0.083681883,1
lpv,-0.083681883,0
lpv,-0.083681883,1
lpv,-0.083681883,1
lpv,-0.083681883,0
lpv,-0.083681883,0
lpv,-0.083681883,0
lpv,-0.083681883,1
lpv,-0.083681883,1
lpv,-0.083681883,1
lpv,-0.083681883,0
lpv,-0.083681883,0
lpv,-0.083681883,0
lpv,2.73786345,1
lpv,-2.64166009,0
lpv,0.048101686,0
lpv,0.048101686,0
lpv,0.048101686,0
lpv,0.048101686,0
lpv,0.048101686,0
lpv,0.048101686,0
lpv,0.048101686,1
lpv,0.048101686,1
lpv,0.048101686,0
lpv,0.048101686,1
lpv,0.048101686,0
lpv,0.048101686,0
lpv,0.048101686,1
lpv,0.048101686,0
lpv,0.048101686,1
lpv,0.048101686,0
lpv,0.048101686,0
lpv,0.048101686,0
lpv,2.293694281,0
lpv,-2.368702478,1
lpv,-0.037504005,0
lpv,-0.037504005,0
lpv,-0.037504005,1
lpv,-0.037504005,1
lpv,-0.037504005,1
lpv,-0.037504005,1
lpv,-0.037504005,0
lpv,-0.037504005,0
lpv,-0.037504005,0
lpv,-0.037504005,1
lpv,-0.037504005,0
lpv,-0.037504005,0
lpv,-0.037504005,1
lpv,-0.037504005,1
lpv,-0.037504005,1
lpv,-0.037504005,1
lpv,1.954282718,1
lpv,-2.779336865,0
lpv,-0.412527121,1
lpv,-0.412527121,0
lpv,-0.412527121,1
lpv,-0.412527121,1
lpv,-0.412527121,1
lpv,-0.412527121,1
lpv,-0.412527121,1
lpv,-0.412527121,0
lpv,-0.412527121,1
lpv,-0.412527121,1
lpv,-0.412527121,1
lpv,-0.412527121,0
lpv,-0.412527121,1
lpv,-0.412527121,1
lpv,-0.412527121,1
lpv,-0.412527121,0
lpv,-0.412527121,0
lpv,-0.412527121,1
lpv,-0.412527121,1
lpv,2.654372708,0
lpv,-2.484410161,1
lpv,0.084981185,1
lpv,0.084981185,0
lpv,0.084981185,1
lpv,0.084981185,1
lpv,0.084981185,0
lpv,0.084981185,0
lpv,0.084981185,0
lpv,0.084981185,1
lpv,0.084981185,0
lpv,0.084981185,0
lpv,0.084981185,1
lpv,0.084981185,1
lpv,0.084981185,0
lpv,0.084981185,1
lpv,0.084981185,1
lpv,0.084981185,0
lpv,0.084981185,0
lpv,0.084981185,1
lpv,0.084981185,0
lpv,0.084981185,1
lpv,2.482006938,0
lpv,-2.445153025,0
lpv,0.018426999,0
lpv,0.018426999,1
lpv,0.018426999,1
lpv,0.018426999,1
lpv,0.018426999,0
lpv,0.018426999,0
lpv,0.018426999,1
lpv,0.018426999,1
lpv,0.018426999,1
lpv,0.018426999,1
lpv,0.018426999,0
lpv,0.018426999,0
lpv,0.018426999,0
lpv,0.018426999,0
lpv,0.018426999,1
lpv,0.018426999,0
lpv,0.018426999,0
lpv,0.018426999,1
lpv,0.018426999,0
lpv,2.104837134,0
lpv,-2.021197319,0
lpv,0.041820001,0
lpv,0.041820001,0
lpv,0.041820001,0
lpv,0.041820001,0
lpv,0.041820001,0
lpv,0.041820001,1
lpv,0.041820001,1
lpv,0.041820001,1
lpv,0.041820001,1
lpv,0.041820001,0
lpv,0.041820001,1
lpv,0.041820001,1
lpv,0.041820001,0
lpv,0.041820001,1
lpv,0.041820001,0
lpv,0.041820001,1
lpv,2.389392953,0
lpv,-2.033564484,0
lpv,0.177914223,0
lpv,0.177914223,0
lpv,0.177914223,1
lpv,0.177914223,0
lpv,0.177914223,1
lpv,0.177914223,0
lpv,0.177914223,0
lpv,0.177914223,1
lpv,0.177914223,1
lpv,0.177914223,0
lpv,0.177914223,1
lpv,0.177914223,1
lpv,0.177914223,1
lpv,0.177914223,0
lpv,0.177914223,1
lpv,2.459478348,1
lpv,-2.435671553,1
lpv,0.011903489,0
lpv,0.011903489,0
lpv,0.011903489,0
lpv,0.011903489,1
lpv,0.011903489,1
lpv,0.011903489,0
lpv,0.011903489,0
lpv,0.011903489,1
lpv,0.011903489,1
lpv,0.011903489,0
lpv,0.011903489,0
lpv,0.011903489,1
lpv,0.011903489,0
lpv,0.011903489,1
lpv,0.011903489,0
lpv,0.011903489,0
lpv,2.778392671,0
lpv,-2.155640501,0
lpv,0.311376132,0
lpv,0.311376132,1
lpv,0.311376132,1
lpv,0.311376132,0
lpv,0.311376132,1
lpv,0.311376132,0
lpv,0.311376132,0
lpv,0.311376132,0
lpv,0.311376132,1
lpv,0.311376132,1
lpv,0.311376132,0
lpv,0.311376132,0
lpv,0.311376132,1
lpv,0.311376132,0
lpv,0.311376132,0
lpv,0.311376132,0
lpv,2.514560068,0
lpv,-3.112402278,1
lpv,-0.298921034,0
lpv,-0.298921034,1
lpv,-0.298921034,1
lpv,-0.298921034,0
lpv,-0.298921034,0
lpv,-0.298921034,0
lpv,-0.298921034,0
lpv,-0.298921034,0
lpv,-0.298921034,1
lpv,-0.298921034,0
lpv,-0.298921034,0
lpv,-0.298921034,0
lpv,-0.298921034,1
lpv,-0.298921034,0
lpv,-0.298921034,1
lpv,-0.298921034,0
lpv,-0.298921034,0
lpv,-0.298921034,0
lpv,-0.298921034,0
lpv,7.228694314,0
lpv,-6.087912577,0
lpv,0.570390806,0
lpv,0.570390806,1
lpv,0.570390806,1
lpv,0.570390806,0
lpv,0.570390806,0
lpv,0.570390806,1
lpv,0.570390806,1
lpv,0.570390806,1
lpv,0.570390806,1
lpv,0.570390806,1
lpv,0.570390806,1
lpv,0.570390806,0
lpv,0.570390806,0
lpv,0.570390806,0
lpv,0.570390806,0
lpv,0.570390806,1
lpv,0.570390806,1
lpv,0.570390806,1
lpv,7.026746769,1
lpv,-7.697936012,1
lpv,-0.335594466,1
lpv,-0.335594466,0
lpv,-0.335594466,0
lpv,-0.335594466,0
lpv,-0.335594466,1
lpv,-0.335594466,1
lpv,-0.335594466,0
lpv,-0.335594466,0
lpv,-0.335594466,0
lpv,-0.335594466,1
lpv,-0.335594466,0
lpv,-0.335594466,0
lpv,-0.335594466,1
lpv,-0.335594466,0
lpv,-0.335594466,0
lpv,-0.335594466,1
lpv,-0.335594466,0
lpv,-0.335594466,0
lpv,-0.335594466,0
lpv,-0.335594466,1
lpv,-0.335594466,0
lpv,7.652856763,1
lpv,-6.993911495,1
lpv,0.329472733,1
lpv,0.329472733,1
lpv,0.329472733,0
lpv,0.329472733,0
lpv,0.329472733,0
lpv,0.329472733,1
lpv,0.329472733,0
lpv,0.329472733,0
lpv,0.329472733,0
lpv,0.329472733,1
lpv,0.329472733,1
lpv,0.329472733,0
lpv,0.329472733,1
lpv,0.329472733,0
sec8,4.003106644,0
sec8,-4.013504787,0
sec8,-0.005199113,0
sec8,-0.005199113,0
sec8,-0.005199113,0
sec8,-0.005199113,0
sec8,-0.005199113,0
sec8,-0.005199113,1
sec8,-0.005199113,0
sec8,-0.005199113,0
sec8,-0.005199113,1
sec8,-0.005199113,0
sec8,-0.005199113,0
sec8,-0.005199113,0
sec8,-0.005199113,1
sec8,-0.005199113,1
sec8,-0.005199113,0
sec8,3.496870559,1
sec8,-3.899821081,0
sec8,-0.201475155,0
sec8,-0.201475155,0
sec8,-0.201475155,0
sec8,-0.201475155,1
sec8,-0.201475155,1
sec8,-0.201475155,1
sec8,-0.201475155,0
sec8,-0.201475155,0
sec8,-0.201475155,0
sec8,-0.201475155,0
sec8,-0.201475155,1
sec8,-0.201475155,0
sec8,-0.201475155,0
sec8,-0.201475155,0
sec8,3.128161467,0
sec8,-2.619103741,0
sec8,0.25452881,0
sec8,0.25452881,1
sec8,0.25452881,0
sec8,0.25452881,1
sec8,0.25452881,0
sec8,0.25452881,0
sec8,0.25452881,0
sec8,0.25452881,0
sec8,0.25452881,1
sec8,0.25452881,0
sec8,0.25452881,1
sec8,0.25452881,1
sec8,0.25452881,1
sec8,0.25452881,0
sec8,0.25452881,1
sec8,0.25452881,0
sec8,3.235739862,1
sec8,-2.834110952,1
sec8,0.20081442,0
sec8,0.20081442,0
sec8,0.20081442,0
sec8,0.20081442,0
sec8,0.20081442,1
sec8,0.20081442,0
sec8,0.20081442,0
sec8,0.20081442,1
sec8,0.20081442,1
sec8,0.20081442,0
sec8,0.20081442,1
sec8,0.20081442,0
sec8,0.20081442,1
sec8,0.20081442,1
sec8,0.20081442,0
sec8,0.20081442,1
sec8,4.032189296,1
sec8,-5.211014138,1
sec8,-0.589412296,1
sec8,-0.589412296,0
sec8,-0.589412296,1
sec8,-0.589412296,0
sec8,-0.589412296,1
sec8,-0.589412296,0
sec8,-0.589412296,0
sec8,-0.589412296,0
sec8,-0.589412296,1
sec8,-0.589412296,0
sec8,-0.589412296,0
sec8,-0.589412296,1
sec8,-0.589412296,0
sec8,-0.589412296,0
sec8,-0.589412296,1
sec8,-0.589412296,0
sec8,-0.589412296,0
sec8,-0.589412296,0
sec8,-0.589412296,0
sec8,10.05695463,0
sec8,-9.556089033,1
sec8,0.2504328,0
sec8,0.2504328,0
sec8,0.2504328,1
sec8,0.2504328,0
sec8,0.2504328,1
sec8,0.2504328,0
sec8,0.2504328,1
sec8,0.2504328,0
sec8,0.2504328,1
sec8,0.2504328,1
sec8,0.2504328,0
sec8,0.2504328,0
sec8,0.2504328,1
sec8,0.2504328,0
sec8,0.2504328,1
sec8,0.2504328,0
sec8,0.2504328,1
sec8,0.2504328,1
sec8,0.2504328,0
sec8,0.2504328,1
sec8,0.2504328,0
sec8,0.2504328,0
sec8,0.2504328,0
sec8,0.2504328,0
sec8,0.2504328,0
sec8,6.843187518,1
sec8,-8.778871756,0
sec8,-0.967842203,1
sec8,-0.967842203,0
sec8,-0.967842203,1
sec8,-0.967842203,0
sec8,-0.967842203,1
sec8,-0.967842203,0
sec8,-0.967842203,0
sec8,-0.967842203,0
sec8,-0.967842203,0
sec8,-0.967842203,0
sec8,-0.967842203,0
sec8,-0.967842203,1
sec8,-0.967842203,1
sec8,-0.967842203,1
sec8,-0.967842203,1
sec8,-0.967842203,1
lpv,1.620341971,1
lpv,-1.373000655,1
lpv,0.123670715,0
lpv,0.123670715,0
lpv,0.123670715,1
lpv,0.123670715,0
lpv,0.123670715,0
lpv,0.123670715,1
lpv,0.123670715,0
lpv,0.123670715,1
lpv,0.123670715,1
lpv,0.123670715,0
lpv,0.123670715,1
lpv,0.123670715,0
lpv,0.123670715,0
lpv,0.123670715,1
lpv,0.123670715,1
lpv,1.476911074,1
lpv,-1.627452011,0
lpv,-0.07527052,0
lpv,-0.07527052,1
lpv,-0.07527052,1
lpv,-0.07527052,0
lpv,-0.07527052,0
lpv,-0.07527052,0
lpv,-0.07527052,0
lpv,-0.07527052,0
lpv,-0.07527052,0
lpv,-0.07527052,0
lpv,-0.07527052,0
lpv,-0.07527052,0
lpv,-0.07527052,1
lpv,-0.07527052,0
lpv,-0.07527052,1
lpv,-0.07527052,0
lpv,-0.07527052,1
lpv,-0.07527052,0
lpv,-0.07527052,0
lpv,-0.07527052,1
lpv,-0.07527052,1
lpv,1.317694478,0
lpv,-1.736989018,1
lpv,-0.209647213,1
lpv,-0.209647213,0
lpv,-0.209647213,0
lpv,-0.209647213,1
lpv,-0.209647213,0
lpv,-0.209647213,0
lpv,-0.209647213,1
lpv,-0.209647213,0
lpv,-0.209647213,1
lpv,-0.209647213,0
lpv,-0.209647213,0
lpv,-0.209647213,1
lpv,-0.209647213,1
lpv,1.498916196,0
lpv,-1.486918023,1
lpv,0.005999161,0
lpv,0.005999161,0
lpv,0.005999161,0
lpv,0.005999161,1
lpv,0.005999161,0
lpv,0.005999161,1
lpv,0.005999161,0
lpv,0.005999161,0
lpv,0.005999161,1
lpv,0.005999161,1
lpv,0.005999161,0
lpv,0.005999161,0
lpv,0.005999161,1
lpv,0.005999161,1
lpv,0.005999161,1
lpv,0.005999161,1
lpv,2.104258962,1
lpv,-2.021877389,1
lpv,0.041190768,0
lpv,0.041190768,0
lpv,0.041190768,0
lpv,0.041190768,1
lpv,0.041190768,0
lpv,0.041190768,0
lpv,0.041190768,0
lpv,0.041190768,1
lpv,0.041190768,1
lpv,0.041190768,0
lpv,0.041190768,0
lpv,0.041190768,1
lpv,0.041190768,0
lpv,0.041190768,1
lpv,0.041190768,0
lpv,0.041190768,1
lpv,0.041190768,1
lpv,0.041190768,0
lpv,0.041190768,1
lpv,0.041190768,0
lpv,0.041190768,0
lpv,0.041190768,0
lpv,0.041190768,0
lpv,0.041190768,1
lpv,2.362400003,0
lpv,-2.211050465,0
lpv,0.075674712,0
lpv,0.075674712,0
lpv,0.075674712,1
lpv,0.075674712,0
lpv,0.075674712,0
lpv,0.075674712,0
lpv,0.075674712,1
lpv,0.075674712,1
lpv,0.075674712,0
lpv,0.075674712,0
lpv,0.075674712,0
lpv,0.075674712,1
lpv,0.075674712,1
lpv,0.075674712,0
lpv,0.075674712,1
lpv,0.075674712,0
lpv,0.075674712,1
lpv,0.075674712,0
lpv,0.075674712,0
lpv,0.075674712,0
lpv,0.075674712,0
lpv,0.075674712,0
lpv,0.075674712,0
lpv,0.075674712,1
lpv,0.075674712,0
lpv,0.075674712,0
lpv,2.391660089,1
lpv,-2.206185704,0
lpv,0.092737104,0
lpv,0.092737104,0
lpv,0.092737104,1
lpv,0.092737104,0
lpv,0.092737104,1
lpv,0.092737104,1
lpv,0.092737104,0
lpv,0.092737104,0
lpv,0.092737104,1
lpv,0.092737104,1
lpv,0.092737104,1
lpv,0.092737104,1
lpv,0.092737104,0
lpv,0.092737104,1
lpv,0.092737104,0
lpv,0.092737104,0
lpv,0.092737104,1
lpv,0.092737104,1
lpv,0.092737104,1
lpv,0.092737104,0
lpv,0.092737104,1
lpv,2.196463962,1
lpv,-2.256256936,1
lpv,-0.02989647,0
lpv,-0.02989647,0
lpv,-0.02989647,0
lpv,-0.02989647,1
lpv,-0.02989647,1
lpv,-0.02989647,0
lpv,-0.02989647,0
lpv,-0.02989647,0
lpv,-0.02989647,0
lpv,-0.02989647,0
lpv,-0.02989647,0
lpv,-0.02989647,0
lpv,-0.02989647,0
lpv,-0.02989647,0
lpv,-0.02989647,0
lpv,-0.02989647,1
lpv,-0.02989647,1
lpv,2.417494068,0
lpv,-1.87574253,0
lpv,0.270875699,1
lpv,0.270875699,1
lpv,0.270875699,1
lpv,0.270875699,1
lpv,0.270875699,0
lpv,0.270875699,0
lpv,0.270875699,1
lpv,0.270875699,0
lpv,0.270875699,0
lpv,0.270875699,1
lpv,0.270875699,0
lpv,0.270875699,0
lpv,0.270875699,1
lpv,0.270875699,0
lpv,0.270875699,1
lpv,0.270875699,1
lpv,0.270875699,1
lpv,2.339831872,0
lpv,-2.544703307,1
lpv,-0.102435694,1
lpv,-0.102435694,0
lpv,-0.102435694,0
lpv,-0.102435694,0
lpv,-0.102435694,0
lpv,-0.102435694,0
lpv,-0.102435694,0
lpv,-0.102435694,0
lpv,-0.102435694,0
lpv,-0.102435694,0
lpv,-0.102435694,1
lpv,-0.102435694,0
lpv,-0.102435694,1
lpv,-0.102435694,0
lpv,-0.102435694,1
lpv,-0.102435694,1
lpv,2.130348825,1
lpv,-1.868450892,0
lpv,0.130948907,0
lpv,0.130948907,0
lpv,0.130948907,0
lpv,0.130948907,0
lpv,0.130948907,1
lpv,0.130948907,1
lpv,0.130948907,0
lpv,0.130948907,1
lpv,0.130948907,0
lpv,0.130948907,1
lpv,0.130948907,1
lpv,0.130948907,0
lpv,0.130948907,1
lpv,0.130948907,0
lpv,0.130948907,0
lpv,0.130948907,1
lpv,1.767510726,1
lpv,-2.26300834,0
lpv,-0.247748713,1
lpv,-0.247748713,0
lpv,-0.247748713,0
lpv,-0.247748713,1
lpv,-0.247748713,0
lpv,-0.247748713,0
lpv,-0.247748713,0
lpv,-0.247748713,1
lpv,-0.247748713,0
lpv,-0.247748713,0
lpv,-0.247748713,0
lpv,-0.247748713,0
lpv,-0.247748713,0
lpv,-0.247748713,0
lpv,-0.247748713,0
lpv,-0.247748713,0
lpv,-0.247748713,1
lpv,-0.247748713,0
lpv,2.461427557,1
lpv,-2.132144694,0
lpv,0.164641455,1
lpv,0.164641455,1
lpv,0.164641455,1
lpv,0.164641455,1
lpv,0.164641455,0
lpv,0.164641455,1
lpv,0.164641455,0
lpv,0.164641455,0
lpv,0.164641455,0
lpv,0.164641455,0
lpv,0.164641455,0
lpv,0.164641455,1
lpv,0.164641455,0
lpv,0.164641455,1
lpv,0.164641455,0
lpv,0.164641455,0
lpv,0.164641455,0
lpv,0.164641455,0
lpv,0.164641455,0
lpv,0.164641455,0
lpv,0.164641455,0
lpv,0.164641455,0
lpv,0.164641455,0
lpv,0.164641455,0
lpv,2.88553908,0
lpv,-2.79004315,0
lpv,0.0477479,0
lpv,0.0477479,1
lpv,0.0477479,0
lpv,0.0477479,0
lpv,0.0477479,0
lpv,0.0477479,1
lpv,0.0477479,0
lpv,0.0477479,0
lpv,0.0477479,0
lpv,0.0477479,0
lpv,0.0477479,0
lpv,0.0477479,0
lpv,0.0477479,0
lpv,0.0477479,0
lpv,0.0477479,0
lpv,0.0477479,0
lpv,0.0477479,1
lpv,0.0477479,1
lpv,0.0477479,1
lpv,0.0477479,0
lpv,0.0477479,0
lpv,0.0477479,0
lpv,0.0477479,1
lpv,0.0477479,0
lpv,0.0477479,0
lpv,0.0477479,1
lpv,0.0477479,0
lpv,2.841923654,1
lpv,-2.177579963,0
lpv,0.332171916,0
lpv,0.332171916,0
lpv,0.332171916,1
lpv,0.332171916,0
lpv,0.332171916,0
lpv,0.332171916,1
lpv,0.332171916,0
lpv,0.332171916,0
lpv,0.332171916,1
lpv,0.332171916,1
lpv,0.332171916,0
lpv,0.332171916,1
lpv,0.332171916,1
lpv,0.332171916,0
lpv,0.332171916,0
lpv,0.332171916,0
lpv,0.332171916,0
lpv,0.332171916,1
lpv,0.332171916,0
lpv,0.332171916,1
lpv,0.332171916,1
lpv,0.332171916,1
lpv,2.893566007,0
lpv,-3.090123679,1
lpv,-0.098278852,1
lpv,-0.098278852,0
lpv,-0.098278852,0
lpv,-0.098278852,1
lpv,-0.098278852,1
lpv,-0.098278852,0
lpv,-0.098278852,0
lpv,-0.098278852,1
lpv,-0.098278852,1
lpv,-0.098278852,1
lpv,-0.098278852,1
lpv,-0.098278852,0
lpv,-0.098278852,1
lpv,-0.098278852,1
lpv,-0.098278852,0
lpv,-0.098278852,0
lpv,-0.098278852,0
lpv,-0.098278852,0
lpv,3.111128469,1
lpv,-2.792037808,0
lpv,0.159545442,0
lpv,0.159545442,0
lpv,0.159545442,0
lpv,0.159545442,1
lpv,0.159545442,1
lpv,0.159545442,1
lpv,0.159545442,1
lpv,0.159545442,0
lpv,0.159545442,0
lpv,0.159545442,0
lpv,0.159545442,0
lpv,0.159545442,1
lpv,0.159545442,0
lpv,0.159545442,1
lpv,0.159545442,0
lpv,0.159545442,1
lpv,0.159545442,0
lpv,6.606783704,0
lpv,-4.741982589,1
lpv,0.93240081,0
lpv,0.93240081,1
lpv,0.93240081,1
lpv,0.93240081,0
lpv,0.93240081,0
lpv,0.93240081,1
lpv,0.93240081,1
lpv,0.93240081,0
lpv,0.93240081,1
lpv,0.93240081,0
lpv,0.93240081,1
lpv,0.93240081,0
lpv,0.93240081,1
lpv,0.93240081,1
lpv,0.93240081,0
lpv,0.93240081,1
lpv,0.93240081,0
sec8,2.855173495,1
sec8,-3.749553082,1
sec8,-0.447189794,0
sec8,-0.447189794,1
sec8,-0.447189794,1
sec8,-0.447189794,1
sec8,-0.447189794,0
sec8,-0.447189794,0
sec8,-0.447189794,0
sec8,-0.447189794,1
sec8,-0.447189794,1
sec8,-0.447189794,0
sec8,-0.447189794,0
sec8,-0.447189794,1
sec8,-0.447189794,0
sec8,-0.447189794,0
sec8,-0.447189794,0
sec8,-0.447189794,0
sec8,-0.447189794,1
sec8,-0.447189794,0
sec8,-0.447189794,0
sec8,-0.447189794,1
sec8,-0.447189794,0
sec8,-0.447189794,1
sec8,-0.447189794,0
sec8,-0.447189794,0
sec8,-0.447189794,1
sec8,-0.447189794,1
sec8,6.149170804,0
sec8,-6.060331874,0
sec8,0.044419643,0
sec8,0.044419643,1
sec8,0.044419643,1
sec8,0.044419643,1
sec8,0.044419643,1
sec8,0.044419643,1
sec8,0.044419643,1
sec8,0.044419643,0
sec8,0.044419643,0
sec8,0.044419643,0
sec8,0.044419643,0
sec8,0.044419643,0
sec8,0.044419643,0
sec8,0.044419643,0
sec8,0.044419643,0
sec8,6.145954411,0
sec8,-5.306056593,0
sec8,0.419948979,0
sec8,0.419948979,0
sec8,0.419948979,0
sec8,0.419948979,0
sec8,0.419948979,0
sec8,0.419948979,1
sec8,0.419948979,0
sec8,0.419948979,0
sec8,0.419948979,0
sec8,0.419948979,1
sec8,0.419948979,0
sec8,0.419948979,1
sec8,0.419948979,1
sec8,0.419948979,1
sec8,0.419948979,1
sec8,0.419948979,0
sec8,0.419948979,0
sec8,0.419948979,1
sec8,0.419948979,1
sec8,0.419948979,1
sec8,6.486675651,0
sec8,-6.681320728,0
sec8,-0.097322626,0
sec8,-0.097322626,1
sec8,-0.097322626,0
sec8,-0.097322626,0
sec8,-0.097322626,0
sec8,-0.097322626,1
sec8,-0.097322626,0
sec8,-0.097322626,0
sec8,-0.097322626,0
sec8,-0.097322626,0
sec8,-0.097322626,1
sec8,-0.097322626,0
sec8,-0.097322626,0
sec8,-0.097322626,1
sec8,-0.097322626,1
sec8,-0.097322626,1
sec8,-0.097322626,0
sec8,-0.097322626,1
sec8,-0.097322626,0
sec8,-0.097322626,0
sec8,-0.097322626,0
sec8,9.512364242,0
sec8,-11.10576822,1
sec8,-0.796702143,0
sec8,-0.796702143,0
sec8,-0.796702143,0
sec8,-0.796702143,1
sec8,-0.796702143,1
sec8,-0.796702143,1
sec8,-0.796702143,1
sec8,-0.796702143,1
sec8,-0.796702143,0
sec8,-0.796702143,1
sec8,-0.796702143,0
sec8,-0.796702143,1
sec8,-0.796702143,0
sec8,-0.796702143,0
sec8,-0.796702143,0
lpv,3.229456,1
lpv,-3.51048338,1
lpv,-0.140513702,0
lpv,-0.140513702,1
lpv,-0.140513702,1
lpv,-0.140513702,1
lpv,-0.140513702,0
lpv,-0.140513702,0
lpv,-0.140513702,0
lpv,-0.140513702,1
lpv,-0.140513702,0
lpv,-0.140513702,1
lpv,-0.140513702,0
lpv,-0.140513702,0
lpv,-0.140513702,0
lpv,-0.140513702,0
lpv,-0.140513702,1
lpv,-0.140513702,0
lpv,-0.140513702,0
lpv,-0.140513702,1
lpv,-0.140513702,1
lpv,-0.140513702,1
lpv,-0.140513702,1
lpv,-0.140513702,0
lpv,-0.140513702,0
lpv,-0.140513702,0
lpv,-0.140513702,1
lpv,-0.140513702,0
lpv,-0.140513702,0
lpv,-0.140513702,1
lpv,-0.140513702,0
lpv,-0.140513702,0
lpv,-0.140513702,1
lpv,-0.140513702,1
lpv,-0.140513702,1
lpv,2.722939677,0
lpv,-2.550303915,1
lpv,0.08631794,1
lpv,0.08631794,0
lpv,0.08631794,1
lpv,0.08631794,0
lpv,0.08631794,0
lpv,0.08631794,0
lpv,0.08631794,0
lpv,0.08631794,1
lpv,0.08631794,0
lpv,0.08631794,1
lpv,0.08631794,0
lpv,0.08631794,1
lpv,0.08631794,1
lpv,0.08631794,0
lpv,0.08631794,1
lpv,0.08631794,0
lpv,0.08631794,0
lpv,0.08631794,1
lpv,0.08631794,0
lpv,0.08631794,1
lpv,0.08631794,1
lpv,0.08631794,1
lpv,0.08631794,0
lpv,2.761311395,1
lpv,-2.596591461,1
lpv,0.082359973,0
lpv,0.082359973,0
lpv,0.082359973,0
lpv,0.082359973,0
lpv,0.082359973,1
lpv,0.082359973,0
lpv,0.082359973,1
lpv,0.082359973,0
lpv,0.082359973,0
lpv,0.082359973,0
lpv,0.082359973,0
lpv,0.082359973,0
lpv,0.082359973,1
lpv,0.082359973,0
lpv,0.082359973,0
lpv,0.082359973,1
lpv,0.082359973,0
lpv,0.082359973,0
lpv,0.082359973,0
lpv,0.082359973,0
lpv,0.082359973,0
lpv,2.205366536,0
lpv,-2.604086725,1
lpv,-0.199360071,1
lpv,-0.199360071,0
lpv,-0.199360071,1
lpv,-0.199360071,1
lpv,-0.199360071,1
lpv,-0.199360071,0
lpv,-0.199360071,1
lpv,-0.199360071,1
lpv,-0.199360071,0
lpv,-0.199360071,0
lpv,-0.199360071,0
lpv,-0.199360071,0
lpv,-0.199360071,0
lpv,-0.199360071,0
lpv,-0.199360071,1
lpv,-0.199360071,1
lpv,-0.199360071,0
lpv,4.239153269,0
lpv,-5.136078,0
lpv,-0.448462365,0
lpv,-0.448462365,0
lpv,-0.448462365,0
lpv,-0.448462365,0
lpv,-0.448462365,0
lpv,-0.448462365,0
lpv,-0.448462365,0
lpv,-0.448462365,0
lpv,-0.448462365,0
lpv,-0.448462365,0
lpv,-0.448462365,0
lpv,-0.448462365,1
lpv,-0.448462365,1
lpv,-0.448462365,0
lpv,-0.448462365,1
lpv,-0.448462365,1
lpv,-0.448462365,0
lpv,-0.448462365,0
lpv,-0.448462365,0
lpv,-0.448462365,0
lpv,-0.448462365,0
lpv,-0.448462365,0
lpv,-0.448462365,1
lpv,4.12635069,1
lpv,-5.226001449,0
lpv,-0.549825544,0
lpv,-0.549825544,1
lpv,-0.549825544,0
lpv,-0.549825544,0
lpv,-0.549825544,0
lpv,-0.549825544,0
lpv,-0.549825544,1
lpv,-0.549825544,0
lpv,-0.549825544,0
lpv,-0.549825544,0
lpv,-0.549825544,1
lpv,-0.549825544,0
lpv,-0.549825544,1
lpv,-0.549825544,1
lpv,-0.549825544,1
lpv,-0.549825544,0
lpv,-0.549825544,0
lpv,-0.549825544,0
lpv,-0.549825544,0
lpv,-0.549825544,0
lpv,-0.549825544,0
lpv,-0.549825544,0
lpv,5.269631103,1
lpv,-5.294837149,0
lpv,-0.012602928,1
lpv,-0.012602928,1
lpv,-0.012602928,0
lpv,-0.012602928,0
lpv,-0.012602928,0
lpv,-0.012602928,0
lpv,-0.012602928,0
lpv,-0.012602928,0
lpv,-0.012602928,1
lpv,-0.012602928,1
lpv,-0.012602928,0
lpv,-0.012602928,1
lpv,-0.012602928,1
lpv,-0.012602928,0
lpv,-0.012602928,0
lpv,-0.012602928,1
lpv,-0.012602928,1
lpv,-0.012602928,1
lpv,-0.012602928,1
lpv,-0.012602928,0
lpv,-0.012602928,1
lpv,-0.012602928,1
lpv,-0.012602928,1
lpv,-0.012602928,1
lpv,-0.012602928,0
lpv,4.518909683,0
lpv,-4.962404752,0
lpv,-0.221747534,0
lpv,-0.221747534,0
lpv,-0.221747534,0
lpv,-0.221747534,1
lpv,-0.221747534,1
lpv,-0.221747534,1
lpv,-0.221747534,1
lpv,-0.221747534,1
lpv,-0.221747534,0
lpv,-0.221747534,1
lpv,-0.221747534,1
lpv,-0.221747534,0
lpv,-0.221747534,1
lpv,-0.221747534,0
lpv,-0.221747534,0
lpv,-0.221747534,1
lpv,-0.221747534,1
lpv,-0.221747534,0
lpv,-0.221747534,1
lpv,-0.221747534,1
lpv,-0.221747534,1
lpv,6.009071671,0
lpv,-6.171080648,1
lpv,-0.081004256,1
lpv,-0.081004256,0
lpv,-0.081004256,0
lpv,-0.081004256,1
lpv,-0.081004256,0
lpv,-0.081004256,0
lpv,-0.081004256,0
lpv,-0.081004256,0
lpv,-0.081004256,1
lpv,-0.081004256,0
lpv,-0.081004256,0
lpv,-0.081004256,0
lpv,-0.081004256,0
lpv,-0.081004256,0
lpv,-0.081004256,0
lpv,-0.081004256,0
lpv,-0.081004256,1
lpv,-0.081004256,1
lpv,-0.081004256,0
lpv,-0.081004256,1
lpv,-0.081004256,1
lpv,-0.081004256,0
lpv,-0.081004256,1
lpv,-0.081004256,1
lpv,-0.081004256,0
lpv,-0.081004256,0
lpv,-0.081004256,0
lpv,-0.081004256,0
lpv,-0.081004256,1
lpv,-0.081004256,1
lpv,-0.081004256,1
lpv,6.369230871,0
lpv,-7.223848405,1
lpv,-0.427308574,0
lpv,-0.427308574,0
lpv,-0.427308574,0
lpv,-0.427308574,0
lpv,-0.427308574,1
lpv,-0.427308574,1
lpv,-0.427308574,1
lpv,-0.427308574,0
lpv,-0.427308574,0
lpv,-0.427308574,0
lpv,-0.427308574,0
lpv,-0.427308574,0
lpv,-0.427308574,1
lpv,-0.427308574,1
lpv,-0.427308574,0
lpv,-0.427308574,0
lpv,-0.427308574,1
lpv,-0.427308574,0
lpv,-0.427308574,0
lpv,-0.427308574,0
lpv,-0.427308574,1
lpv,-0.427308574,0
lpv,-0.427308574,1
lpv,8.391735898,0
lpv,-9.094808711,1
lpv,-0.351536363,0
lpv,-0.351536363,0
lpv,-0.351536363,0
lpv,-0.351536363,0
lpv,-0.351536363,0
lpv,-0.351536363,1
lpv,-0.351536363,1
lpv,-0.351536363,1
lpv,-0.351536363,0
lpv,-0.351536363,0
lpv,-0.351536363,1
lpv,-0.351536363,0
lpv,-0.351536363,0
lpv,-0.351536363,0
lpv,-0.351536363,0
sec8,2.62084101,1
sec8,-2.945129618,0
sec8,-0.16214421,0
sec8,-0.16214421,0
sec8,-0.16214421,0
sec8,-0.16214421,1
sec8,-0.16214421,0
sec8,-0.16214421,0
sec8,-0.16214421,1
sec8,-0.16214421,1
sec8,-0.16214421,1
sec8,-0.16214421,1
sec8,-0.16214421,0
sec8,-0.16214421,1
sec8,-0.16214421,1
sec8,-0.16214421,0
sec8,2.592454538,1
sec8,-2.49939728,1
sec8,0.046528679,0
sec8,0.046528679,0
sec8,0.046528679,0
sec8,0.046528679,0
sec8,0.046528679,0
sec8,0.046528679,0
sec8,0.046528679,0
sec8,0.046528679,1
sec8,0.046528679,0
sec8,0.046528679,0
sec8,0.046528679,0
sec8,0.046528679,1
sec8,0.046528679,1
sec8,0.046528679,0
sec8,0.046528679,0
sec8,0.046528679,1
sec8,0.046528679,1
sec8,0.046528679,0
sec8,0.046528679,1
sec8,4.773832223,1
sec8,-4.960422415,1
sec8,-0.093295142,1
sec8,-0.093295142,0
sec8,-0.093295142,1
sec8,-0.093295142,0
sec8,-0.093295142,0
sec8,-0.093295142,0
sec8,-0.093295142,0
sec8,-0.093295142,1
sec8,-0.093295142,1
sec8,-0.093295142,1
sec8,-0.093295142,0
sec8,-0.093295142,1
sec8,-0.093295142,1
sec8,-0.093295142,0
sec8,-0.093295142,1
sec8,-0.093295142,0
sec8,-0.093295142,1
sec8,-0.093295142,0
sec8,-0.093295142,0
sec8,-0.093295142,1
sec8,-0.093295142,0
sec8,5.466354868,0
sec8,-5.758903727,0
sec8,-0.146274558,1
sec8,-0.146274558,0
sec8,-0.146274558,1
sec8,-0.146274558,1
sec8,-0.146274558,1
sec8,-0.146274558,0
sec8,-0.146274558,0
sec8,-0.146274558,0
sec8,-0.146274558,1
sec8,-0.146274558,0
sec8,-0.146274558,0
sec8,-0.146274558,1
sec8,-0.146274558,0
sec8,-0.146274558,1
sec8,-0.146274558,0
sec8,-0.146274558,1
sec8,-0.146274558,0
sec8,-0.146274558,0
sec8,-0.146274558,0
sec8,-0.146274558,0
sec8,-0.146274558,0
sec8,-0.146274558,1
sec8,-0.146274558,0
sec8,-0.146274558,1
sec8,-0.146274558,0
sec8,-0.146274558,1
sec8,5.293372914,0
sec8,-5.707468722,1
sec8,-0.207047741,1
sec8,-0.207047741,1
sec8,-0.207047741,0
sec8,-0.207047741,1
sec8,-0.207047741,0
sec8,-0.207047741,0
sec8,-0.207047741,1
sec8,-0.207047741,1
sec8,-0.207047741,1
sec8,-0.207047741,0
sec8,-0.207047741,0
sec8,-0.207047741,0
sec8,-0.207047741,1
sec8,-0.207047741,1
sec8,6.018342083,1
sec8,-5.727171,1
sec8,0.145585623,1
sec8,0.145585623,0
sec8,0.145585623,1
sec8,0.145585623,1
sec8,0.145585623,1
sec8,0.145585623,0
sec8,0.145585623,0
sec8,0.145585623,1
sec8,0.145585623,0
sec8,0.145585623,1
sec8,0.145585623,0
sec8,0.145585623,0
sec8,0.145585623,0
sec8,0.145585623,0
sec8,0.145585623,1
sec8,0.145585623,1
sec8,9.552469694,1
sec8,-10.99909535,0
sec8,-0.723312828,0
sec8,-0.723312828,1
sec8,-0.723312828,0
sec8,-0.723312828,1
sec8,-0.723312828,0
sec8,-0.723312828,0
sec8,-0.723312828,0
sec8,-0.723312828,0
sec8,-0.723312828,1
sec8,-0.723312828,0
sec8,-0.723312828,1
sec8,-0.723312828,1
sec8,-0.723312828,0
sec8,-0.723312828,0
sec8,-0.723312828,0
sec8,-0.723312828,0
sec8,-0.723312828,0
sec8,-0.723312828,0
sec8,-0.723312828,1
sec8,-0.723312828,1
sec8,-0.723312828,0
sec8,-0.723312828,0
lpv,1.994653176,0
lpv,-2.914663711,1
lpv,-0.460005268,0
lpv,-0.460005268,0
lpv,-0.460005268,1
lpv,-0.460005268,1
lpv,-0.460005268,0
lpv,-0.460005268,0
lpv,-0.460005268,0
lpv,-0.460005268,0
lpv,-0.460005268,1
lpv,-0.460005268,1
lpv,-0.460005268,0
lpv,-0.460005268,0
lpv,-0.460005268,0
lpv,-0.460005268,0
lpv,-0.460005268,0
lpv,-0.460005268,1
lpv,2.282239121,0
lpv,-2.044299491,0
lpv,0.118969768,1
lpv,0.118969768,0
lpv,0.118969768,0
lpv,0.118969768,0
lpv,0.118969768,0
lpv,0.118969768,0
lpv,0.118969768,1
lpv,0.118969768,1
lpv,0.118969768,0
lpv,0.118969768,1
lpv,0.118969768,0
lpv,0.118969768,1
lpv,0.118969768,0
lpv,0.118969768,1
lpv,0.118969768,0
lpv,0.118969768,1
lpv,0.118969768,0
lpv,2.520118128,0
lpv,-2.601130543,0
lpv,-0.040506143,0
lpv,-0.040506143,1
lpv,-0.040506143,1
lpv,-0.040506143,1
lpv,-0.040506143,0
lpv,-0.040506143,1
lpv,-0.040506143,0
lpv,-0.040506143,0
lpv,-0.040506143,0
lpv,-0.040506143,0
lpv,-0.040506143,1
lpv,-0.040506143,1
lpv,-0.040506143,0
lpv,-0.040506143,1
lpv,-0.040506143,0
lpv,-0.040506143,0
lpv,-0.040506143,1
lpv,2.475356561,1
lpv,-2.331191681,0
lpv,0.072082369,1
lpv,0.072082369,0
lpv,0.072082369,0
lpv,0.072082369,0
lpv,0.072082369,0
lpv,0.072082369,0
lpv,0.072082369,0
lpv,0.072082369,1
lpv,0.072082369,0
lpv,0.072082369,0
lpv,0.072082369,1
lpv,0.072082369,1
lpv,0.072082369,1
lpv,0.072082369,0
lpv,0.072082369,0
lpv,3.36091145,1
lpv,-3.28771531,0
lpv,0.036598096,1
lpv,0.036598096,1
lpv,0.036598096,0
lpv,0.036598096,1
lpv,0.036598096,1
lpv,0.036598096,0
lpv,0.036598096,1
lpv,0.036598096,0
lpv,0.036598096,1
lpv,0.036598096,1
lpv,0.036598096,0
lpv,0.036598096,0
lpv,0.036598096,1
lpv,0.036598096,1
lpv,0.036598096,1
lpv,0.036598096,0
lpv,0.036598096,0
lpv,0.036598096,0
lpv,0.036598096,1
lpv,0.036598096,0
lpv,0.036598096,0
lpv,0.036598096,0
lpv,0.036598096,0
lpv,0.036598096,0
lpv,0.036598096,0
lpv,3.016940028,1
lpv,-3.054151719,0
lpv,-0.018605801,1
lpv,-0.018605801,1
lpv,-0.018605801,0
lpv,-0.018605801,0
lpv,-0.018605801,0
lpv,-0.018605801,1
lpv,-0.018605801,0
lpv,-0.018605801,1
lpv,-0.018605801,0
lpv,-0.018605801,1
lpv,-0.018605801,1
lpv,-0.018605801,0
lpv,-0.018605801,1
lpv,-0.018605801,0
lpv,-0.018605801,0
lpv,-0.018605801,0
lpv,-0.018605801,0
lpv,-0.018605801,0
lpv,-0.018605801,0
lpv,-0.018605801,1
lpv,-0.018605801,1
lpv,-0.018605801,0
lpv,-0.018605801,1
lpv,-0.018605801,1
lpv,-0.018605801,0
lpv,-0.018605801,0
lpv,-0.018605801,0
lpv,-0.018605801,1
lpv,-0.018605801,0
lpv,-0.018605801,0
lpv,-0.018605801,1
lpv,4.000486667,1
lpv,-4.132447146,0
lpv,-0.065980371,0
lpv,-0.065980371,1
lpv,-0.065980371,0
lpv,-0.065980371,0
lpv,-0.065980371,1
lpv,-0.065980371,0
lpv,-0.065980371,0
lpv,-0.065980371,0
lpv,-0.065980371,0
lpv,-0.065980371,1
lpv,-0.065980371,0
lpv,-0.065980371,0
lpv,-0.065980371,0
lpv,-0.065980371,0
lpv,-0.065980371,0
lpv,-0.065980371,0
lpv,-0.065980371,1
lpv,-0.065980371,0
lpv,-0.065980371,0
lpv,-0.065980371,0
lpv,-0.065980371,0
lpv,3.718796796,0
lpv,-5.091941072,0
lpv,-0.686572289,0
lpv,-0.686572289,1
lpv,-0.686572289,1
lpv,-0.686572289,0
lpv,-0.686572289,0
lpv,-0.686572289,0
lpv,-0.686572289,0
lpv,-0.686572289,0
lpv,-0.686572289,0
lpv,-0.686572289,1
lpv,-0.686572289,0
lpv,-0.686572289,0
lpv,-0.686572289,0
lpv,-0.686572289,0
lpv,-0.686572289,1
lpv,-0.686572289,0
lpv,-0.686572289,1
lpv,-0.686572289,1
lpv,-0.686572289,1
lpv,-0.686572289,0
lpv,-0.686572289,0
lpv,-0.686572289,0
lpv,-0.686572289,1
lpv,-0.686572289,0
lpv,-0.686572289,0
lpv,4.946342293,0
lpv,-4.443337797,0
lpv,0.251502286,0
lpv,0.251502286,1
lpv,0.251502286,0
lpv,0.251502286,1
lpv,0.251502286,1
lpv,0.251502286,0
lpv,0.251502286,0
lpv,0.251502286,0
lpv,0.251502286,0
lpv,0.251502286,0
lpv,0.251502286,1
lpv,0.251502286,0
lpv,0.251502286,1
lpv,0.251502286,0
lpv,0.251502286,1
lpv,0.251502286,0
lpv,0.251502286,1
lpv,0.251502286,1
lpv,0.251502286,0
lpv,0.251502286,0
lpv,0.251502286,1
lpv,0.251502286,0
lpv,0.251502286,1
lpv,0.251502286,1
lpv,0.251502286,0
lpv,0.251502286,1
lpv,0.251502286,0
lpv,0.251502286,1
lpv,0.251502286,0
lpv,4.331447459,0
lpv,-4.222729269,1
lpv,0.054358977,0
lpv,0.054358977,1
lpv,0.054358977,1
lpv,0.054358977,0
lpv,0.054358977,0
lpv,0.054358977,1
lpv,0.054358977,0
lpv,0.054358977,1
lpv,0.054358977,0
lpv,0.054358977,0
lpv,0.054358977,0
lpv,0.054358977,0
lpv,0.054358977,0
lpv,0.054358977,0
lpv,0.054358977,0
lpv,0.054358977,0
lpv,0.054358977,0
lpv,0.054358977,0
lpv,0.054358977,0
lpv,3.938964581,1
lpv,-3.347132719,0
lpv,0.295915894,0
lpv,0.295915894,1
lpv,0.295915894,1
lpv,0.295915894,1
lpv,0.295915894,0
lpv,0.295915894,0
lpv,0.295915894,0
lpv,0.295915894,1
lpv,0.295915894,1
lpv,0.295915894,0
lpv,0.295915894,0
lpv,0.295915894,0
lpv,0.295915894,1
lpv,0.295915894,1
lpv,0.295915894,0
lpv,0.295915894,1
lpv,0.295915894,1
lpv,5.346312984,0
lpv,-4.549467675,1
lpv,0.398422655,1
lpv,0.398422655,0
lpv,0.398422655,0
lpv,0.398422655,0
lpv,0.398422655,1
lpv,0.398422655,0
lpv,0.398422655,0
lpv,0.398422655,0
lpv,0.398422655,1
lpv,0.398422655,0
lpv,0.398422655,0
lpv,0.398422655,0
lpv,0.398422655,0
lpv,0.398422655,0
lpv,0.398422655,0
lpv,0.398422655,0
lpv,0.398422655,0
lpv,0.398422655,1
lpv,0.398422655,0
lpv,0.398422655,0
lpv,0.398422655,0
lpv,0.398422655,0
lpv,0.398422655,1
lpv,0.398422655,0
lpv,0.398422655,0
lpv,0.398422655,0
lpv,0.398422655,1
lpv,0.398422655,1
lpv,0.398422655,0
lpv,0.398422655,0
lpv,0.398422655,0
lpv,0.398422655,1
lpv,0.398422655,0
lpv,0.398422655,0
lpv,0.398422655,1
lpv,0.398422655,0
lpv,0.398422655,0
lpv,0.398422655,0
lpv,0.398422655,1
lpv,6.441915094,0
lpv,-6.380995685,0
lpv,0.030459575,1
lpv,0.030459575,1
lpv,0.030459575,0
lpv,0.030459575,1
lpv,0.030459575,1
lpv,0.030459575,1
lpv,0.030459575,0
lpv,0.030459575,1
lpv,0.030459575,0
lpv,0.030459575,0
lpv,0.030459575,1
lpv,0.030459575,1
lpv,0.030459575,1
lpv,0.030459575,1
lpv,0.030459575,1
sec8,1.935378085,0
sec8,-3.121713032,1
sec8,-0.593167413,0
sec8,-0.593167413,0
sec8,-0.593167413,0
sec8,-0.593167413,0
sec8,-0.593167413,0
sec8,-0.593167413,0
sec8,-0.593167413,0
sec8,-0.593167413,1
sec8,-0.593167413,0
sec8,-0.593167413,0
sec8,-0.593167413,0
sec8,-0.593167413,0
sec8,-0.593167413,0
sec8,-0.593167413,0
sec8,-0.593167413,1
sec8,-0.593167413,1
sec8,-0.593167413,1
sec8,-0.593167413,1
sec8,3.673345096,1
sec8,-3.377547876,0
sec8,0.147898595,0
sec8,0.147898595,0
sec8,0.147898595,0
sec8,0.147898595,1
sec8,0.147898595,1
sec8,0.147898595,1
sec8,0.147898595,0
sec8,0.147898595,0
sec8,0.147898595,0
sec8,0.147898595,0
sec8,0.147898595,1
sec8,0.147898595,0
sec8,0.147898595,1
sec8,0.147898595,0
sec8,0.147898595,0
sec8,0.147898595,1
sec8,0.147898595,0
sec8,0.147898595,1
sec8,3.393075833,1
sec8,-2.727684371,0
sec8,0.33269564,0
sec8,0.33269564,1
sec8,0.33269564,1
sec8,0.33269564,0
sec8,0.33269564,0
sec8,0.33269564,0
sec8,0.33269564,0
sec8,0.33269564,1
sec8,0.33269564,0
sec8,0.33269564,1
sec8,0.33269564,1
sec8,0.33269564,1
sec8,0.33269564,0
sec8,0.33269564,1
sec8,0.33269564,0
sec8,0.33269564,0
sec8,0.33269564,0
sec8,0.33269564,1
sec8,0.33269564,0
sec8,0.33269564,0
sec8,0.33269564,1
sec8,0.33269564,0
sec8,0.33269564,1
sec8,2.807402742,1
sec8,-3.480033531,0
sec8,-0.336315425,0
sec8,-0.336315425,0
sec8,-0.336315425,0
sec8,-0.336315425,0
sec8,-0.336315425,1
sec8,-0.336315425,1
sec8,-0.336315425,0
sec8,-0.336315425,0
sec8,-0.336315425,0
sec8,-0.336315425,0
sec8,-0.336315425,1
sec8,-0.336315425,0
sec8,-0.336315425,0
sec8,-0.336315425,0
sec8,-0.336315425,1
sec8,-0.336315425,1
sec8,-0.336315425,0
sec8,-0.336315425,1
sec8,2.828791711,1
sec8,-3.335226477,0
sec8,-0.253217337,1
sec8,-0.253217337,0
sec8,-0.253217337,1
sec8,-0.253217337,1
sec8,-0.253217337,0
sec8,-0.253217337,0
sec8,-0.253217337,0
sec8,-0.253217337,0
sec8,-0.253217337,1
sec8,-0.253217337,0
sec8,-0.253217337,1
sec8,-0.253217337,0
sec8,-0.253217337,1
sec8,-0.253217337,0
sec8,-0.253217337,0
sec8,-0.253217337,0
sec8,2.910675861,0
sec8,-2.119014811,0
sec8,0.395830586,0
sec8,0.395830586,0
sec8,0.395830586,0
sec8,0.395830586,0
sec8,0.395830586,0
sec8,0.395830586,1
sec8,0.395830586,0
sec8,0.395830586,1
sec8,0.395830586,1
sec8,0.395830586,1
sec8,0.395830586,1
sec8,0.395830586,0
sec8,0.395830586,1
sec8,0.395830586,0
sec8,0.395830586,0
sec8,0.395830586,0
sec8,0.395830586,1
sec8,2.880038293,0
sec8,-2.776633139,0
sec8,0.051702527,1
sec8,0.051702527,0
sec8,0.051702527,1
sec8,0.051702527,0
sec8,0.051702527,1
sec8,0.051702527,1
sec8,0.051702527,1
sec8,0.051702527,1
sec8,0.051702527,0
sec8,0.051702527,1
sec8,0.051702527,1
sec8,0.051702527,1
sec8,0.051702527,1
sec8,0.051702527,0
sec8,3.625088127,0
sec8,-3.813530635,1
sec8,-0.094221187,0
sec8,-0.094221187,1
sec8,-0.094221187,0
sec8,-0.094221187,0
sec8,-0.094221187,1
sec8,-0.094221187,1
sec8,-0.094221187,1
sec8,-0.094221187,0
sec8,-0.094221187,0
sec8,-0.094221187,1
sec8,-0.094221187,1
sec8,-0.094221187,0
sec8,-0.094221187,1
sec8,5.509936146,0
sec8,-6.939722426,0
sec8,-0.714893209,0
sec8,-0.714893209,0
sec8,-0.714893209,0
sec8,-0.714893209,1
sec8,-0.714893209,0
sec8,-0.714893209,0
sec8,-0.714893209,1
sec8,-0.714893209,1
sec8,-0.714893209,0
sec8,-0.714893209,0
sec8,-0.714893209,1
sec8,-0.714893209,0
sec8,-0.714893209,0
sec8,-0.714893209,0
sec8,-0.714893209,0
sec8,8.934350006,1
sec8,-9.264380859,1
sec8,-0.165015383,1
sec8,-0.165015383,1
sec8,-0.165015383,0
sec8,-0.165015383,1
sec8,-0.165015383,1
sec8,-0.165015383,1
sec8,-0.165015383,0
sec8,-0.165015383,0
sec8,-0.165015383,0
sec8,-0.165015383,0
sec8,-0.165015383,0
sec8,-0.165015383,0
sec8,-0.165015383,0
sec8,-0.165015383,0
sec8,-0.165015383,0
sec8,-0.165015383,0
sec8,-0.165015383,0
